"Name","Amount","Casts","Avg Cast","Hits","Avg Hit","Crit %","Uptime %","Miss %","DPS",""
"Shield of the Righteous","39689439$33.43%39.69m","275","144.4k","1,327","29.9k","34.3%","-","-","22,691.9",""
"Shield of the Righteous","39689439$26.06%30.94m","275","112.5k","1,065","29.1k","34.6%","-","-","17,690.0",""
"Shining Righteousness","39689439$7.37%8.75m","275","31.8k","262","33.4k","33.2%","-","-","5,002.0",""
"Consecration","30816782$25.96%30.82m","-","-","23,381","1.3k","35.1%","100.00%","0.40%","17,619.1",""
"Consecration","30816782$16.04%19.05m","-","-","22,263","855.5","35.4%","-","0.12%","10,889.7",""
"Divine Guidance","30816782$9.91%11.77m","-","-","1,118","10.5k","30.6%","-","-","6,729.4",""
"Sacred Weapon","20577791$17.33%20.58m","5","4.12m","1,687","12.2k","35.6%","-","-","11,765.1",""
"Judgment","9772795$8.23%9.77m","232","42.1k","230","42.5k","42.2%","-","-","5,587.5",""
"Lesser Weapon","7928215$6.68%7.93m","-","-","504","15.7k","33.3%","-","-","4,532.9",""
"Hammer of Wrath","4107283$3.46%4.11m","40","102.7k","40","102.7k","77.5%","-","-","2,348.3",""
"Holy Shock","3809878$3.21%3.81m","154","24.7k","135","28.2k","34.8%","-","-","2,178.2",""
"Omnium Folio","1170701$0.99%1.17m","-","-","150   (979)","5.5k   (346.4)","-","100.00%","-","669.3",""
"Rune of Unleashed Fire","1170701$0.70%831.6k","-","-","150","5.5k","-","-","-","475.5",""
"Rune of Lingering","1170701$0.29%339.1k","-","-","979","346.4","-","100.00%","-","193.9",""
"Melee","849729$0.72%849.7k","427","2.0k","427","2.0k","30.0%","-","-","485.8",""