"Name","Amount","Casts","Avg Cast","Hits","Avg Hit","Crit %","Uptime %","Overheal","HPS",""
"Flash of Light","69141690$19.05%69.14m","241","286.9k","241","286.9k","36.1%","-","28.70%","39,530.9",""
"Word of Glory","51528217$14.20%51.53m","188","274.1k","251","205.3k","44.2%","-","22.92%","29,460.6",""
"Holy Bulwark","48547396$13.38%48.55m","33","1.47m","744","65.3k","-","66.13%","1.90%","27,756.3",""
"Beacon of Light","39953601$11.01%39.95m","3","13.32m","2,796","14.3k","-","-","38.42%","22,843.0",""
"Preternatural Antivenom","27112432$7.47%27.11m","-","-","240","113.0k","39.2%","-","36.38%","15,501.2",""
"Holy Light","24770645$6.82%24.77m","87","284.7k","87","284.7k","34.5%","-","34.87%","14,162.3",""
"Judgment","17326193$4.77%17.33m","-","-","234","74.0k","-","-","-","9,906.0",""
"Greater Judgment","17326193$4.77%17.33m","-","-","234","74.0k","-","-","-","9,906.0",""
"Divine Guidance","12386575$3.41%12.39m","-","-","377","32.9k","33.2%","-","10.08%","7,081.9",""
"Glistening Radiance","10925777$3.01%10.93m","-","-","467","23.4k","-","73.01%","7.94%","6,246.7",""
"Beacon of the Savior","8811398$2.43%8.81m","-","-","636","13.9k","-","67.97%","6.21%","5,037.8",""
"Hammer and Anvil","8473145$2.33%8.47m","-","-","1,810","4.7k","33.4%","-","64.41%","4,844.4",""
"Selfless Healer","6218669$1.71%6.22m","-","-","235","26.5k","-","-","41.65%","3,555.4",""
"Holy Shock","5407754$1.49%5.41m","59","91.7k","59","91.7k","22.0%","-","24.88%","3,091.8",""
"Light of Dawn","4894629$1.35%4.89m","-","-","509","9.6k","41.3%","-","49.20%","2,798.4",""
"Lay on Hands","4797028$1.32%4.80m","7","685.3k","7","685.3k","-","-","27.22%","2,742.6",""
"Lightforged Blessing","4512138$1.24%4.51m","-","-","806","5.6k","33.4%","-","63.52%","2,579.8",""
"Lightforged Blessing","4512138$0.92%3.34m","-","-","535","6.3k","33.5%","-","59.92%","1,912.3",""
"Lightforged Blessing","4512138$0.32%1.17m","-","-","271","4.3k","33.2%","-","70.98%","667.4",""
"Brought to Light","3802740$1.05%3.80m","-","-","747","5.1k","38.6%","-","60.42%","2,174.2",""
"Sacred Weapon","3447359$0.95%3.45m","33","104.5k","401","8.6k","33.9%","-","57.07%","1,971.0",""
"Lesser Bulwark","2296478$0.63%2.30m","-","-","99","23.2k","-","20.18%","2.00%","1,313.0",""
"Armory of Light","1962521$0.54%1.96m","-","-","54","36.3k","-","-","-","1,122.0",""
"Omnium Folio","1736894$0.48%1.74m","-","-","133   (808)","10.5k   (423.3)","7.5%","39.20%","24.12%","993.0",""
"Rune of Unleashed Fire","1736894$0.33%1.21m","-","-","115","10.5k","-","-","17.53%","692.7",""
"Rune of Lingering","1736894$0.09%342.1k","-","-","808","423.3","-","39.20%","46.27%","195.6",""
"Rune of Self-Mending","1736894$0.05%183.2k","-","-","18","10.2k","55.6%","-","-","104.8",""
"Saved by the Light","1633494$0.45%1.63m","-","-","1,080","1.5k","-","66.25%","5.73%","933.9",""
"Sacred Word","1424098$0.39%1.42m","-","-","54","26.4k","38.9%","-","35.85%","814.2",""
"Radiant Aura","745516$0.21%745.5k","-","-","80","9.3k","45.0%","-","46.81%","426.2",""
"Concentrated Silvermoon Health Potion","581704$0.16%581.7k","1","581.7k","1","581.7k","-","-","-","332.6",""
"Holy Ritual","517289$0.14%517.3k","-","-","9","57.5k","55.6%","-","70.29%","295.8",""
"Lesser Weapon","15470$0.00%15.5k","-","-","2","7.7k","-","-","50.90%","8.8",""