"Name","Amount","Casts","Hits","Avg Hit","Uptime %","Miss %","Mitigated","DTPS",""
"Razor Dive","10532823$14.07%10.53m","10","71","148.3k","3.75%","100.00%","27.70%","6,197.5",""
"Razor Dive Keen-Eyed Striker","10532823$7.06%5.29m","6","36","146.9k","1.92%","100.00%","27.85%","3,111.5",""
"Razor Dive Keen-Eyed Striker","10532823$7.01%5.24m","4","35","149.8k","1.83%","-","27.54%","3,086.0",""
"Rumbling Ward","8932832$11.93%8.93m","17","87","102.7k","-","-","29.80%","5,256.1",""
"Ravenous Bellow","6949896$9.28%6.95m","4","4   (40)","619.6k   (111.8k)","2.35%","-","33.92%","4,089.3",""
"Overwhelming Onslaught","5387458$7.20%5.39m","7","21","256.5k","-","-","85.84%","3,170.0",""
"Searing Magma","5192956$6.94%5.19m","20","38","136.7k","-","2.56%","28.43%","3,055.5",""
"Frozen Tempest","4064351$5.43%4.06m","3","27","150.5k","-","-","32.49%","2,391.5",""
"Hearty Bellow","3296887$4.40%3.30m","2","2   (20)","576.8k   (107.2k)","1.18%","-","37.53%","1,939.9",""
"Glacial Torment","3181189$4.25%3.18m","4","12","265.1k","1.20%","-","32.06%","1,871.8",""
"Volatile Flames","3144349$4.20%3.14m","-","16","196.5k","-","-","35.67%","1,850.1",""
"Spoiled Supplies","2424793$3.24%2.42m","5","6","404.1k","-","-","27.75%","1,426.7",""
"Toxic Spores","2335694$3.12%2.34m","-","21","111.2k","1.93%","100.00%","27.75%","1,374.3",""
"Echoing Fury","2108104$2.82%2.11m","-","7","301.2k","-","-","22.32%","1,240.4",""
"Glacial Tomb","2101296$2.81%2.10m","8","12","175.1k","1.97%","-","24.74%","1,236.4",""
"Rotten Supplies","2011280$2.69%2.01m","-","12","167.6k","-","-","28.26%","1,183.4",""
"Blessing of Sacrifice","1987931$2.66%1.99m","-","58","34.3k","-","-","-","1,169.7",""
"Blessing of Sacrifice Yodadkt","1987931$2.66%1.99m","-","57","34.9k","-","-","-","1,169.7",""
"Blessing of Sacrifice Thdlock","1987931$0.00%0.0","-","1","0.0","-","-","-","0.0",""
"Echoing Maul","1939606$2.59%1.94m","7","3","646.5k","-","25.00%","41.50%","1,141.3",""
"Feast of Misery","1690334$2.26%1.69m","2","10","169.0k","-","-","27.35%","994.6",""
"Primal Echo","1546422$2.07%1.55m","4","2   (6)","407.7k   (121.8k)","-","-","31.49%","909.9",""
"Harsh Winter","1292016$1.73%1.29m","1","8","161.5k","1.04%","-","30.59%","760.2",""
"Cryo Surge","1241761$1.66%1.24m","4","6","207.0k","-","-","29.43%","730.7",""
"Harsh Winds","1054223$1.41%1.05m","1","6","175.7k","-","-","26.06%","620.3",""
"Earthquake","848797$1.13%848.8k","5","2","424.4k","-","-","39.22%","499.4",""
"Melee","658583$0.88%658.6k","2","2","329.3k","-","-","59.71%","387.5",""
"Lightning Bolt","441087$0.59%441.1k","1","1","441.1k","-","-","36.29%","259.5",""
"Seriously Sharp Seashell","271295$0.36%271.3k","-","156","1.7k","9.18%","-","22.45%","159.6",""
"Rimeshatter","216403$0.29%216.4k","-","1","216.4k","-","-","39.77%","127.3",""
"Falling","1926$0.00%1.9k","-","1","1.9k","-","-","-","1.1",""