"Name","Amount","Uptime %","CPM","Teach Me!",""
"Crusading Strikes","1308$47.41%1308","-","47.5","Teach Me!",""
"Divine Storm","388$14.06%388","-","14.1","Teach Me!",""
"Final Verdict","364$13.19%364","-","13.2","Teach Me!",""
"Blade of Justice","183$6.63%183","91.75%","6.6","Teach Me!",""
"Judgment","149$5.40%149","-","5.4","Teach Me!",""
"Hammer of Wrath","128$4.64%128","-","4.6","Teach Me!",""
"Wake of Ashes","47$1.70%47","77.77%","1.7","Teach Me!",""
"Rebuke","30$1.09%30","-","1.1","Teach Me!",""
"Divine Toll","23$0.83%23","-","0.8","Teach Me!",""
"Execution Sentence","23$0.83%23","13.92%","0.8","Teach Me!",""
"Avenging Wrath","23$0.83%23","33.72%","0.8","Teach Me!",""
"Divine Steed","18$0.65%18","-","0.7","Teach Me!",""
"Divine Protection","17$0.62%17","8.23%","0.6","Teach Me!",""
"Voracious Heart of Ula'tek","12$0.43%12","14.52%","0.4","Teach Me!",""
"Blessing of Freedom","7$0.25%7","3.39%","0.3","Teach Me!",""
"Hammer of Justice","5$0.18%5","1.09%","0.2","Teach Me!",""
"Eternal Flame","5$0.18%5","20.64%","0.2","Teach Me!",""
"Blessing of Sacrifice","5$0.18%5","3.63%","0.2","Teach Me!",""
"Potion of Recklessness","5$0.18%5","9.08%","0.2","Teach Me!",""
"Flash of Light","3$0.11%3","-","0.1","Teach Me!",""
"Divine Shield","3$0.11%3","1.45%","0.1","Teach Me!",""
"Blinding Light","3$0.11%3","-","0.1","Teach Me!",""
"Cleanse Toxins","3$0.11%3","-","0.1","Teach Me!",""
"Lay on Hands","3$0.11%3","-","0.1","Teach Me!",""
"Vine Grip","2$0.07%2","-","0.1","Teach Me!",""
"Disturb Bones","1$0.04%1","-","0.0","Teach Me!",""
"Concentrated Silvermoon Health Potion","1$0.04%1","-","0.0","Teach Me!",""