"Name","Amount","Casts","Hits","Avg Hit","Crit %","Uptime %","Miss %","Mitigated","DTPS",""
"Melee","10498725$10.98%10.50m","157","133","78.9k","1.5%","-","15.29%","47.96%","6,351.5",""
"Melee Hatchling","10498725$5.93%5.67m","93","81","70.0k","1.2%","-","12.90%","46.20%","3,431.5",""
"Melee Hatchling","10498725$2.30%2.20m","43","34","64.6k","-","-","20.93%","50.42%","1,328.7",""
"Melee Uncoiled Writhe","10498725$2.23%2.13m","19","17","125.5k","5.9%","-","10.53%","49.84%","1,290.5",""
"Melee Bloodletter","10498725$0.52%497.2k","2","1","497.2k","-","-","50.00%","47.50%","300.8",""
"Synchronized Venom","8109084$8.48%8.11m","3","3   (81)","457.9k   (83.2k)","-","4.92%","-","13.79%","4,905.8",""
"Ritual of the Fang","7942446$8.30%7.94m","4","32","248.2k","-","-","-","15.03%","4,805.0",""
"Triple Shot","7911902$8.27%7.91m","9","50","158.2k","-","-","-","33.21%","4,786.5",""
"Laced Edge","7162772$7.49%7.16m","-","8   (32)","304.9k   (147.6k)","-","1.94%","-","14.48%","4,333.3",""
"Fetid Spit","7057747$7.38%7.06m","23","23","306.9k","-","-","-","12.65%","4,269.8",""
"Unstable Totem","6479333$6.77%6.48m","-","52","124.6k","-","-","-","29.14%","3,919.8",""
"Boneslicer","5582624$5.84%5.58m","2","3   (21)","658.2k   (171.8k)","-","1.27%","-","32.56%","3,377.3",""
"Toxic Surge","4572239$4.78%4.57m","4","40","114.3k","-","-","-","34.50%","2,766.1",""
"Triple Shot","3577175$3.74%3.58m","9","6","596.2k","-","3.20%","-","10.87%","2,164.1",""
"Ravenous Stomp","3327918$3.48%3.33m","5","5","665.6k","-","-","-","21.19%","2,013.3",""
"Rattle","3234400$3.38%3.23m","3","13","248.8k","-","-","23.53%","28.71%","1,956.7",""
"Envenom","2447515$2.56%2.45m","-","16","153.0k","-","1.13%","-","30.16%","1,480.7",""
"Blood Sacrifice","2423563$2.53%2.42m","-","9","269.3k","-","-","10.00%","48.56%","1,466.2",""
"Blessing of Sacrifice","2380926$2.49%2.38m","-","31","76.8k","-","-","-","-","1,440.4",""
"Blessing of Sacrifice Doxorsw","2380926$2.34%2.24m","-","29","77.2k","-","-","-","-","1,354.6",""
"Blessing of Sacrifice Driptinus","2380926$0.15%141.8k","-","2","70.9k","-","-","-","-","85.8",""
"Paralyzing Shots","2166288$2.26%2.17m","13","6","361.0k","-","-","-","11.33%","1,310.5",""
"Carrion Burst","2150513$2.25%2.15m","-","11","195.5k","-","1.63%","-","24.35%","1,301.0",""
"Infest","1825274$1.91%1.83m","4","10","182.5k","-","-","-","13.27%","1,104.2",""
"Envenom","1775585$1.86%1.78m","3","6","295.9k","-","-","-","17.29%","1,074.2",""
"Uncoil","1275970$1.33%1.28m","-","2","638.0k","-","-","-","23.70%","771.9",""
"Messy Eater","859084$0.90%859.1k","-","2","429.5k","-","-","-","35.78%","519.7",""
"Paralyzing Shots","757977$0.79%758.0k","13","3","252.7k","-","-","100.00%","13.12%","458.6",""
"Septic Spatter","718636$0.75%718.6k","28","2","359.3k","-","-","-","13.52%","434.8",""
"Infest","532758$0.56%532.8k","4","2","266.4k","-","-","-","36.39%","322.3",""
"Death Rattle","407443$0.43%407.4k","2","3","135.8k","-","-","-","18.78%","246.5",""
"Omnium Folio","214998$0.22%215.0k","-","237","907.2","-","31.74%","(1.25%)","13.11%","130.1",""
"Rune of Void-Tainted Shell","214998$0.22%215.0k","-","237","907.2","-","15.07%","(1.25%)","13.11%","130.1",""
"Deadly Venom","206366$0.22%206.4k","-","4","51.6k","-","-","-","21.12%","124.8",""
"Falling","56405$0.06%56.4k","-","1","56.4k","-","-","-","-","34.1",""