"Name","Count","Uptime","Source",""
"Flask of the Magisters","1","1599556$100.00%","Consumable",""
"Light's Deliverance","2,959","1518569$94.94%","Passive Ability",""
"Shake the Heavens","103","1472847$92.08%","Passive Ability",""
"Sanctification","595","1409451$88.12%","Passive Ability",""
"Rush of Light","358","1364488$85.30%","Passive Ability",""
"Rune of Masterful Cunning","352","1291707$80.75%","Passive Ability",""
"Divine Power","179","1289910$80.64%","Tier Bonus (2pc)",""
"Focus of Ula'tek","326","1166393$72.92%","Trinket (Passive)",""
"Halazzi's Rite","79","882836$55.19%","Enchant",""
"Well Fed","1","853854$53.38%","Consumable",""
"Undisputed Ruling","103","844502$52.80%","Passive Ability",""
"Arcanoweave Insight","60","803454$50.23%","Passive Ability",""
"Jan'alai's Rite","49","558363$34.91%","Enchant",""
"Hammer of Wrath","45","540199$33.77%","Active Ability",""
"Avenging Wrath","45","540197$33.77%","Active Ability",""
"Mutating Elixir","1","510430$31.91%","Stance/Form/Seal",""
"Art of War","202","406931$25.44%","Passive Ability",""
"Divine Hammer","43","344148$21.52%","Active Ability",""
"Divine Purpose","180","223485$13.97%","Passive Ability",""
"Akil'zon's Rite","16","217432$13.59%","Enchant",""
"Potion of Recklessness","6","179969$11.25%","Consumable",""
"Nalorakk's Rite","12","159004$9.94%","Enchant",""
"Divine Arbiter","68","144469$9.03%","Passive Ability",""
"Light's Deliverance","58","112988$7.06%","Passive Ability",""
"Rune of Lingering","1","8008$0.50%","Passive Ability",""
"Divine Arbiter","8","2440$0.00%","Passive Ability",""