"Name","Amount","Casts","Avg Cast","Hits","Avg Hit","Crit %","Uptime %","DPS",""
"Shield of the Righteous","87844014$25.38%87.84m","442","198.9k","2,639","33.3k","42.6%","95.28%","53,545.5",""
"Shield of the Righteous","87844014$21.87%75.69m","442","171.4k","2,366","32.0k","42.1%","95.28%","46,137.3",""
"Blaze of Glory","87844014$3.51%12.15m","442","27.5k","273","44.5k","47.3%","-","7,408.2",""
"Avenger's Shield","57258092$16.54%57.26m","165","223.9k   (123.3k)","2,650   (3,768)","13.9k   (5.4k)","20.1%","61.42%","34,901.8",""
"Avenger's Shield","57258092$6.17%21.36m","165","129.6k","1,278","16.7k","41.6%","16.96%","13,019.2",""
"Refining Fire","57258092$5.88%20.34m","165","123.3k","3,768","5.4k","-","79.84%","12,398.5",""
"Glory of the Vanguard","57258092$4.50%15.56m","165","94.3k","1,372","11.3k","-","-","9,484.0",""
"Consecration","36305391$10.49%36.31m","171","212.3k","19,961","1.8k","43.4%","100.00%","22,130.0",""
"Empyrean Hammer","32693563$9.45%32.69m","-","-","5,496","6.0k","13.8%","89.67%","19,928.4",""
"Empyrean Hammer","32693563$6.24%21.61m","-","-","3,982","5.4k","-","89.67%","13,170.5",""
"Empyrean Hammer","32693563$3.20%11.09m","-","-","1,514","7.3k","50.3%","-","6,757.9",""
"Hammer of Light","27738003$8.01%27.74m","52","533.4k","213","130.2k","44.6%","-","16,907.7",""
"Hammer of Light","27738003$4.62%15.98m","52","307.3k","161","99.2k","45.3%","-","9,739.4",""
"Hammer of Light","27738003$3.40%11.76m","52","226.2k","52","226.2k","42.3%","-","7,168.3",""
"Blessed Hammer","17785625$5.14%17.79m","413","43.1k","6,518","2.7k","41.7%","88.03%","10,841.3",""
"Judgment","17784131$5.14%17.78m","314","56.7k","641","27.8k","34.3%","-","10,840.3",""
"Unrelenting Edict","15253378$4.41%15.25m","-","-","7,384","2.1k","-","-","9,297.7",""
"Hammer of Wrath","13406969$3.87%13.41m","120","111.8k","276","48.6k","46.0%","-","8,172.2",""
"Perfected Guillotine","11474691$3.32%11.47m","-","-","190","61.3k","30.0%","-","6,994.4",""
"Melee","9859377$2.85%9.86m","941","10.5k","941","10.5k","41.9%","-","6,009.8",""
"Divine Hammer","8574170$2.48%8.57m","-","-","827","10.4k","49.5%","-","5,226.4",""
"Venomfang","7331932$2.12%7.33m","-","-","2,226   (1,630)","2.3k   (1.4k)","37.9%   (36.4%)","81.41%","4,469.2",""
"Venomfang Burst","7331932$1.48%5.13m","-","-","2,226","2.3k","37.9%","-","3,124.2",""
"Venomfang","7331932$0.64%2.21m","-","-","1,630","1.4k","36.4%","81.41%","1,345.0",""
"Omnium Folio","1592521$0.46%1.59m","-","-","202   (1,333)","5.6k   (348.6)","-","77.61%","970.7",""
"Rune of Unleashed Fire","1592521$0.33%1.13m","-","-","202","5.6k","-","-","687.4",""
"Rune of Lingering","1592521$0.13%464.7k","-","-","1,333","348.6","-","77.61%","283.3",""
"Voracious Heart of Ula'tek","1233782$0.36%1.23m","12","102.8k","118","10.5k","46.6%","-","752.1",""
"Devour Morsel","1233782$0.36%1.23m","12","102.8k","118","10.5k","46.6%","-","752.1",""