"Time","Type","Ability","Amount","HP","Source → Target",""
"00:16.225","Absorbed","Bulwark of Order","33864","","Wisekhanpal →  Wisekhanpal",""
"00:16.305","Heal","Multiple Heals (41)","+266672","1.22m - 92.9%","Wisekhanpal →  Wisekhanpal",""
"00:16.305","Heal","Undying Embers","+3388","1.18m - 89.7%","Wisekhanpal →  Wisekhanpal",""
"00:16.321","Heal","Undying Embers","+7359","1.18m - 90.3%","Wisekhanpal →  Wisekhanpal",""
"00:17.004","Heal","Leech","+2784","1.19m - 90.5%","Wisekhanpal →  Wisekhanpal",""
"00:17.110","Heal","Undying Embers","+3370","1.19m - 90.7%","Wisekhanpal →  Wisekhanpal",""
"00:17.315","Heal","Undying Embers","+3335","1.19m - 91.0%","Wisekhanpal →  Wisekhanpal",""
"00:17.315","Heal","Undying Embers","+7244","1.20m - 91.6%","Wisekhanpal →  Wisekhanpal",""
"00:18.112","Heal","Undying Embers","+3327","1.20m - 91.8%","Wisekhanpal →  Wisekhanpal",""
"00:18.232","Heal","Leech","+213","1.20m - 91.8%","Wisekhanpal →  Wisekhanpal",""
"00:18.306","Heal","Undying Embers","+3284","1.21m - 92.2%","Wisekhanpal →  Wisekhanpal",""
"00:18.317","Heal","Undying Embers","+7131","1.22m - 92.8%","Wisekhanpal →  Wisekhanpal",""
"00:18.995","Heal","Solace","+5503","1.22m - 93.2%","Wisekhanpal →  Wisekhanpal",""
"00:18.995","Heal","Solace","+5507","1.23m - 93.6%","Wisekhanpal →  Wisekhanpal",""
"00:18.995","Heal","Solace","+5438","1.23m - 94.0%","Wisekhanpal →  Wisekhanpal",""
"00:18.995","Heal","Solace","+5386","1.24m - 94.5%","Wisekhanpal →  Wisekhanpal",""
"00:19.010","Heal","Solace","+11368","1.25m - 95.3%","Wisekhanpal →  Wisekhanpal",""
"00:19.010","Heal","Solace","+5365","1.25m - 95.7%","Wisekhanpal →  Wisekhanpal",""
"00:19.010","Heal","Solace","+5524","1.26m - 96.2%","Wisekhanpal →  Wisekhanpal",""
"00:19.010","Heal","Solace","+11372","1.27m - 97.0%","Wisekhanpal →  Wisekhanpal",""
"00:19.108","Heal","Undying Embers","+3949","1.18m - 90.4%","Wisekhanpal →  Wisekhanpal",""
"00:19.304","Heal","Undying Embers","+3905","1.19m - 90.7%","Wisekhanpal →  Wisekhanpal",""
"00:19.315","Heal","Undying Embers","+8476","1.20m - 91.3%","Wisekhanpal →  Wisekhanpal",""
"00:19.429","Heal","Leech","+15931","1.12m - 85.6%","Wisekhanpal →  Wisekhanpal",""
"00:19.763","Heal","Solace","+5339","1.13m - 86.0%","Wisekhanpal →  Wisekhanpal",""
"00:19.763","Heal","Solace","+5352","1.13m - 86.4%","Wisekhanpal →  Wisekhanpal",""
"00:19.763","Heal","Solace","+11670","1.14m - 87.3%","Wisekhanpal →  Wisekhanpal",""
"00:19.763","Heal","Solace","+5524","1.15m - 87.7%","Wisekhanpal →  Wisekhanpal",""
"00:19.763","Heal","Solace","+5425","1.15m - 88.1%","Wisekhanpal →  Wisekhanpal",""
"00:19.763","Heal","Solace","+11351","1.17m - 89.0%","Wisekhanpal →  Wisekhanpal",""
"00:20.106","Heal","Undying Embers","+4000","1.17m - 89.3%","Wisekhanpal →  Wisekhanpal",""
"00:20.300","Heal","Undying Embers","+3856","1.20m - 91.7%","Wisekhanpal →  Wisekhanpal",""
"00:20.311","Heal","Undying Embers","+8370","1.21m - 92.3%","Wisekhanpal →  Wisekhanpal",""
"00:20.527","Heal","Solace","+11661","1.15m - 87.9%","Wisekhanpal →  Wisekhanpal",""
"00:20.528","Heal","Solace","+5451","1.16m - 88.3%","Wisekhanpal →  Wisekhanpal",""
"00:20.528","Heal","Solace","+5481","1.16m - 88.7%","Wisekhanpal →  Wisekhanpal",""
"00:20.528","Heal","Solace","+11285","1.17m - 89.6%","Wisekhanpal →  Wisekhanpal",""
"00:20.528","Heal","Solace","+5516","1.18m - 90.0%","Wisekhanpal →  Wisekhanpal",""
"00:20.528","Heal","Solace","+11480","1.19m - 90.9%","Wisekhanpal →  Wisekhanpal",""
"00:20.528","Heal","Solace","+5352","1.20m - 91.3%","Wisekhanpal →  Wisekhanpal",""
"00:20.528","Heal","Solace","+5446","1.20m - 91.7%","Wisekhanpal →  Wisekhanpal",""
"00:20.528","Heal","Solace","+11523","1.21m - 92.6%","Wisekhanpal →  Wisekhanpal",""
"00:20.643","Heal","Leech","+3431","1.22m - 92.9%","Wisekhanpal →  Wisekhanpal",""
"00:20.852","Absorbed","Blessed Hammer","1391","","Wisekhanpal →  Wisekhanpal",""
"00:21.062","Absorbed","Blessed Hammer","1568","","Wisekhanpal →  Wisekhanpal",""
"00:21.287","Heal","Multiple Heals (10)","+94391","1.51m - 100.0%","Wisekhanpal →  Wisekhanpal",""
"00:21.287","Heal","Solace","+14460","1.43m - 94.7%","Wisekhanpal →  Wisekhanpal",""
"00:21.287","Heal","Solace","+6913","1.43m - 95.2%","Wisekhanpal →  Wisekhanpal",""
"00:21.287","Heal","Solace","+14343","1.45m - 96.1%","Wisekhanpal →  Wisekhanpal",""
"00:21.287","Heal","Solace","+14373","1.46m - 97.1%","Wisekhanpal →  Wisekhanpal",""
"00:21.287","Heal","Solace","+6900","1.47m - 97.5%","Wisekhanpal →  Wisekhanpal",""
"00:21.287","Heal","Solace","+6740","1.48m - 98.0%","Wisekhanpal →  Wisekhanpal",""
"00:21.287","Heal","Solace","+6810","1.48m - 98.4%","Wisekhanpal →  Wisekhanpal",""
"00:21.287","Heal","Solace","+14291","1.50m - 99.4%","Wisekhanpal →  Wisekhanpal",""
"00:21.287","Heal","Solace","+6711","1.50m - 99.8%","Wisekhanpal →  Wisekhanpal",""
"00:21.288","Heal","Solace","+2850 (O: 11847)","1.51m - 100.0%","Wisekhanpal →  Wisekhanpal",""
"00:21.397","Absorbed","Blessed Hammer","1391","","Wisekhanpal →  Wisekhanpal",""
"00:21.397","Absorbed","Bulwark of Order","10087","","Wisekhanpal →  Wisekhanpal",""
"00:21.397","Absorbed","Sacrosanct Crusade","78332","","Wisekhanpal →  Wisekhanpal",""
"00:21.639","Absorbed","Bulwark of Order","88585","","Wisekhanpal →  Wisekhanpal",""
"00:22.271","Absorbed","Blessed Hammer","1586","","Wisekhanpal →  Wisekhanpal",""
"00:22.271","Absorbed","Sacrosanct Crusade","58942","","Wisekhanpal →  Wisekhanpal",""
"00:22.471","Absorbed","Bulwark of Order","48977","","Wisekhanpal →  Wisekhanpal",""
"00:22.522","Absorbed","Blessed Hammer","1568","","Wisekhanpal →  Wisekhanpal",""
"00:22.522","Absorbed","Bulwark of Order","34407","","Wisekhanpal →  Wisekhanpal",""
"00:22.563","Absorbed","Blessed Hammer","1586","","Wisekhanpal →  Wisekhanpal",""
"00:22.563","Absorbed","Bulwark of Order","58076","","Wisekhanpal →  Wisekhanpal",""
"00:22.873","Absorbed","Bulwark of Order","54648","","Wisekhanpal →  Wisekhanpal",""
"00:23.070","Absorbed","Blessed Hammer","1586","","Wisekhanpal →  Wisekhanpal",""
"00:23.070","Absorbed","Bulwark of Order","37186","","Wisekhanpal →  Wisekhanpal",""
"00:23.881","Absorbed","Blessed Hammer","1599","","Wisekhanpal →  Wisekhanpal",""
"00:23.881","Absorbed","Bulwark of Order","53996","","Wisekhanpal →  Wisekhanpal",""
"00:24.072","Absorbed","Bulwark of Order","58534","","Wisekhanpal →  Wisekhanpal",""
"00:24.339","Absorbed","Blessed Hammer","1586","","Wisekhanpal →  Wisekhanpal",""
"00:24.340","Absorbed","Bulwark of Order","51781","","Wisekhanpal →  Wisekhanpal",""
"00:24.389","Absorbed","Blessed Hammer","1599","","Wisekhanpal →  Wisekhanpal",""
"00:24.389","Absorbed","Bulwark of Order","8470","","Wisekhanpal →  Wisekhanpal",""
"00:24.389","Absorbed","Sacrosanct Crusade","46588","","Wisekhanpal →  Wisekhanpal",""
"00:24.477","Absorbed","Blessed Hammer","1599","","Wisekhanpal →  Wisekhanpal",""
"00:24.477","Absorbed","Sacrosanct Crusade","40276","","Wisekhanpal →  Wisekhanpal",""
"00:24.650","Absorbed","Blessed Hammer","1599","","Wisekhanpal →  Wisekhanpal",""
"00:24.650","Absorbed","Sacrosanct Crusade","34626","","Wisekhanpal →  Wisekhanpal",""
"00:24.858","Absorbed","Blessed Hammer","1599","","Wisekhanpal →  Wisekhanpal",""
"00:24.858","Absorbed","Sacrosanct Crusade","36164","","Wisekhanpal →  Wisekhanpal",""
"00:25.093","Absorbed","Blessed Hammer","1599","","Wisekhanpal →  Wisekhanpal",""
"00:25.093","Absorbed","Sacrosanct Crusade","35369","","Wisekhanpal →  Wisekhanpal",""
"00:25.393","Absorbed","Sacrosanct Crusade","232","","Wisekhanpal →  Wisekhanpal",""
"00:25.501","Absorbed","Blessed Hammer","1599","","Wisekhanpal →  Wisekhanpal",""
"00:25.501","Absorbed","Sacrosanct Crusade","54475","","Wisekhanpal →  Wisekhanpal",""
"00:25.553","Absorbed","Blessed Hammer","1599","","Wisekhanpal →  Wisekhanpal",""
"00:25.553","Absorbed","Sacrosanct Crusade","52830","","Wisekhanpal →  Wisekhanpal",""
"00:25.764","Absorbed","Blessed Hammer","1599","","Wisekhanpal →  Wisekhanpal",""
"00:25.764","Absorbed","Sacrosanct Crusade","53085","","Wisekhanpal →  Wisekhanpal",""
"00:26.060","Absorbed","Blessed Hammer","1599","","Wisekhanpal →  Wisekhanpal",""
"00:26.060","Absorbed","Sacrosanct Crusade","57774","","Wisekhanpal →  Wisekhanpal",""
"00:26.092","Absorbed","Blessed Hammer","1616","","Wisekhanpal →  Wisekhanpal",""
"00:26.092","Absorbed","Sacrosanct Crusade","15553","","Wisekhanpal →  Wisekhanpal",""
"00:26.392","Absorbed","Bulwark of Order","69","","Wisekhanpal →  Wisekhanpal",""
"00:26.465","Absorbed","Bulwark of Order","55225","","Wisekhanpal →  Wisekhanpal",""
"00:26.465","Absorbed","Sacrosanct Crusade","19461","","Wisekhanpal →  Wisekhanpal",""
"00:26.465","Damage","Blessing of Dawn","0","","Wisekhanpal →  Wisekhanpal",""
"00:26.480","Absorbed","Blessed Hammer","1616","","Wisekhanpal →  Wisekhanpal",""
"00:26.480","Absorbed","Sacrosanct Crusade","23891","","Wisekhanpal →  Wisekhanpal",""
"00:26.501","Absorbed","Sacrosanct Crusade","8875","","Wisekhanpal →  Wisekhanpal",""
"00:26.663","Absorbed","Blessed Hammer","1616","","Wisekhanpal →  Wisekhanpal",""
"00:26.663","Absorbed","Bulwark of Order","20862","","Wisekhanpal →  Wisekhanpal",""
"00:26.663","Absorbed","Sacrosanct Crusade","14707","","Wisekhanpal →  Wisekhanpal",""
"00:26.987","Absorbed","Blessed Hammer","1616","","Wisekhanpal →  Wisekhanpal",""
"00:26.987","Absorbed","Sacrosanct Crusade","94496","","Wisekhanpal →  Wisekhanpal",""
"00:27.242","Absorbed","Sacrosanct Crusade","93804","","Wisekhanpal →  Wisekhanpal",""
"00:27.327","Absorbed","Blessed Hammer","1616","","Wisekhanpal →  Wisekhanpal",""
"00:27.327","Absorbed","Sacrosanct Crusade","54531","","Wisekhanpal →  Wisekhanpal",""
"00:27.376","Absorbed","Blessed Hammer","1634","","Wisekhanpal →  Wisekhanpal",""
"00:27.376","Absorbed","Sacrosanct Crusade","9975","","Wisekhanpal →  Wisekhanpal",""
"00:27.393","Heal","Undying Embers","+13619 (O: 4131)","1.48m - 100.0%","Wisekhanpal →  Wisekhanpal",""
"00:27.611","Absorbed","Blessed Hammer","1616","","Wisekhanpal →  Wisekhanpal",""
"00:27.639","Heal","Multiple Heals (2)","+26929","1.48m - 100.0%","Wisekhanpal →  Wisekhanpal",""
"00:27.639","Heal","Undying Embers","+16438","1.47m - 99.3%","Wisekhanpal →  Wisekhanpal",""
"00:27.674","Heal","Undying Embers","+10491 (O: 3748)","1.48m - 100.0%","Wisekhanpal →  Wisekhanpal",""
"00:27.855","Absorbed","Blessed Hammer","1615","","Wisekhanpal →  Wisekhanpal",""
"00:27.899","Heal","Multiple Heals (3)","+26709","1.47m - 100.0%","Wisekhanpal →  Wisekhanpal",""
"00:27.899","Heal","Solace","+16034","1.46m - 99.3%","Wisekhanpal →  Wisekhanpal",""
"00:27.899","Heal","Solace","+7332","1.46m - 99.8%","Wisekhanpal →  Wisekhanpal",""
"00:27.899","Heal","Solace","+3343 (O: 12320)","1.47m - 100.0%","Wisekhanpal →  Wisekhanpal",""
"00:28.581","Absorbed","Blessed Hammer","1615","","Wisekhanpal →  Wisekhanpal",""
"00:28.581","Absorbed","Bulwark of Order","42156","","Wisekhanpal →  Wisekhanpal",""
"00:28.582","Absorbed","Blessed Hammer","1615","","Wisekhanpal →  Wisekhanpal",""
"00:28.582","Absorbed","Bulwark of Order","2763","","Wisekhanpal →  Wisekhanpal",""
"00:28.625","Absorbed","Blessed Hammer","1633","","Wisekhanpal →  Wisekhanpal",""
"00:28.625","Absorbed","Bulwark of Order","48672","","Wisekhanpal →  Wisekhanpal",""
"00:28.625","Absorbed","Blessed Hammer","1615","","Wisekhanpal →  Wisekhanpal",""
"00:28.628","Absorbed","Blessed Hammer","1615","","Wisekhanpal →  Wisekhanpal",""
"00:28.630","Heal","Multiple Heals (16)","+161063","1.47m - 100.0%","Wisekhanpal →  Wisekhanpal",""
"00:28.630","Heal","Solace","+15512","1.32m - 90.1%","Wisekhanpal →  Wisekhanpal",""
"00:28.630","Heal","Solace","+7214","1.33m - 90.6%","Wisekhanpal →  Wisekhanpal",""
"00:28.630","Heal","Solace","+15943","1.35m - 91.7%","Wisekhanpal →  Wisekhanpal",""
"00:28.630","Heal","Solace","+7305","1.35m - 92.2%","Wisekhanpal →  Wisekhanpal",""
"00:28.630","Heal","Solace","+7344","1.36m - 92.7%","Wisekhanpal →  Wisekhanpal",""
"00:28.630","Heal","Solace","+7439","1.37m - 93.2%","Wisekhanpal →  Wisekhanpal",""
"00:28.630","Heal","Solace","+15353","1.38m - 94.2%","Wisekhanpal →  Wisekhanpal",""
"00:28.630","Heal","Solace","+7715","1.39m - 94.7%","Wisekhanpal →  Wisekhanpal",""
"00:28.630","Heal","Solace","+7491","1.40m - 95.2%","Wisekhanpal →  Wisekhanpal",""
"00:28.630","Heal","Solace","+7319","1.41m - 95.7%","Wisekhanpal →  Wisekhanpal",""
"00:28.630","Heal","Solace","+15421","1.42m - 96.8%","Wisekhanpal →  Wisekhanpal",""
"00:28.631","Heal","Solace","+16081","1.44m - 97.9%","Wisekhanpal →  Wisekhanpal",""
"00:28.631","Heal","Solace","+7447","1.44m - 98.4%","Wisekhanpal →  Wisekhanpal",""
"00:28.631","Heal","Solace","+15818","1.46m - 99.5%","Wisekhanpal →  Wisekhanpal",""
"00:28.631","Heal","Solace","+7361","1.47m - 100.0%","Wisekhanpal →  Wisekhanpal",""
"00:28.631","Heal","Solace","+300 (O: 7255)","1.47m - 100.0%","Wisekhanpal →  Wisekhanpal",""
"00:28.662","Absorbed","Blessed Hammer","1615","","Wisekhanpal →  Wisekhanpal",""
"00:28.717","Heal","Multiple Heals (2)","+19335","1.45m - 99.5%","Wisekhanpal →  Wisekhanpal",""
"00:28.717","Heal","Undying Embers","+13794","1.44m - 98.2%","Wisekhanpal →  Wisekhanpal",""
"00:28.768","Heal","Undying Embers","+5541","1.45m - 99.5%","Wisekhanpal →  Wisekhanpal",""
"00:28.852","Absorbed","Blessed Hammer","1615","","Wisekhanpal →  Wisekhanpal",""
"00:28.868","Heal","Multiple Heals (3)","+27323","1.45m - 100.0%","Wisekhanpal →  Wisekhanpal",""
"00:28.868","Heal","Undying Embers","+5149","1.42m - 97.9%","Wisekhanpal →  Wisekhanpal",""
"00:28.944","Heal","Solace","+15887","1.45m - 99.6%","Wisekhanpal →  Wisekhanpal",""
"00:28.944","Heal","Solace","+6287 (O: 1186)","1.45m - 100.0%","Wisekhanpal →  Wisekhanpal",""
"00:29.036","Absorbed","Blessed Hammer","1615","","Wisekhanpal →  Wisekhanpal",""
"00:29.079","Heal","Multiple Heals (3)","+31268","1.45m - 100.0%","Wisekhanpal →  Wisekhanpal",""
"00:29.079","Heal","Undying Embers","+10881","1.43m - 98.6%","Wisekhanpal →  Wisekhanpal",""
"00:29.116","Heal","Undying Embers","+5183","1.44m - 99.0%","Wisekhanpal →  Wisekhanpal",""
"00:29.163","Heal","Leech","+15204 (O: 31860)","1.45m - 100.0%","Wisekhanpal →  Wisekhanpal",""
"00:29.364","Absorbed","Blessed Hammer","1633","","Wisekhanpal →  Wisekhanpal",""
"00:29.507","Absorbed","Blessed Hammer","1633","","Wisekhanpal →  Wisekhanpal",""
"00:29.541","Heal","Multiple Heals (4)","+38806","1.45m - 99.8%","Wisekhanpal →  Wisekhanpal",""
"00:29.541","Heal","Undying Embers","+4943","1.40m - 96.4%","Wisekhanpal →  Wisekhanpal",""
"00:29.651","Heal","Undying Embers","+14611","1.42m - 97.5%","Wisekhanpal →  Wisekhanpal",""
"00:29.722","Heal","Undying Embers","+13734","1.45m - 99.4%","Wisekhanpal →  Wisekhanpal",""
"00:29.778","Heal","Undying Embers","+5518","1.45m - 99.8%","Wisekhanpal →  Wisekhanpal",""
"00:29.778","Absorbed","Blessed Hammer","1676","","Wisekhanpal →  Wisekhanpal",""
"00:29.796","Heal","Multiple Heals (4)","+36025","1.45m - 100.0%","Wisekhanpal →  Wisekhanpal",""
"00:29.796","Heal","Solace","+7616","1.43m - 98.0%","Wisekhanpal →  Wisekhanpal",""
"00:29.796","Heal","Solace","+16301","1.44m - 99.2%","Wisekhanpal →  Wisekhanpal",""
"00:29.796","Heal","Solace","+7620","1.45m - 99.7%","Wisekhanpal →  Wisekhanpal",""
"00:29.796","Heal","Solace","+4488 (O: 11908)","1.45m - 100.0%","Wisekhanpal →  Wisekhanpal",""
"00:29.914","Absorbed","Blessed Hammer","1658","","Wisekhanpal →  Wisekhanpal",""
"00:29.973","Heal","Undying Embers","+10753","1.43m - 98.6%","Wisekhanpal →  Wisekhanpal",""
"00:30.022","Absorbed","Blessed Hammer","1633","","Wisekhanpal →  Wisekhanpal",""
"00:30.037","Heal","Multiple Heals (3)","+28190","1.40m - 96.5%","Wisekhanpal →  Wisekhanpal",""
"00:30.037","Heal","Undying Embers","+11573","1.39m - 95.3%","Wisekhanpal →  Wisekhanpal",""
"00:30.077","Heal","Undying Embers","+11256","1.40m - 96.1%","Wisekhanpal →  Wisekhanpal",""
"00:30.114","Heal","Undying Embers","+5361","1.40m - 96.5%","Wisekhanpal →  Wisekhanpal",""
"00:30.114","Absorbed","Blessed Hammer","1676","","Wisekhanpal →  Wisekhanpal",""
"00:30.293","Heal","Multiple Heals (3)","+88812","1.45m - 100.0%","Wisekhanpal →  Wisekhanpal",""
"00:30.293","Heal","Undying Embers","+5249","1.37m - 94.3%","Wisekhanpal →  Wisekhanpal",""
"00:30.367","Heal","Leech","+82266","1.45m - 99.9%","Wisekhanpal →  Wisekhanpal",""
"00:30.409","Heal","Solace","+1297 (O: 15030)","1.45m - 100.0%","Wisekhanpal →  Wisekhanpal",""
"00:30.471","Absorbed","Blessed Hammer","1676","","Wisekhanpal →  Wisekhanpal",""
"00:30.495","Absorbed","Blessed Hammer","1676","","Wisekhanpal →  Wisekhanpal",""
"00:30.536","Heal","Multiple Heals (5)","+38620","1.44m - 99.8%","Wisekhanpal →  Wisekhanpal",""
"00:30.536","Heal","Undying Embers","+4918","1.41m - 96.8%","Wisekhanpal →  Wisekhanpal",""
"00:30.659","Heal","Undying Embers","+12547","1.43m - 98.3%","Wisekhanpal →  Wisekhanpal",""
"00:30.723","Heal","Undying Embers","+11975","1.43m - 98.2%","Wisekhanpal →  Wisekhanpal",""
"00:30.779","Heal","Undying Embers","+4818","1.43m - 99.4%","Wisekhanpal →  Wisekhanpal",""
"00:30.858","Heal","Undying Embers","+4362","1.44m - 99.8%","Wisekhanpal →  Wisekhanpal",""
"00:30.907","Absorbed","Blessed Hammer","1676","","Wisekhanpal →  Wisekhanpal",""
"00:30.970","Heal","Multiple Heals (8)","+85296","1.28m - 88.5%","Wisekhanpal →  Wisekhanpal",""
"00:30.970","Heal","Solace","+13815","1.39m - 96.6%","Wisekhanpal →  Wisekhanpal",""
"00:30.970","Heal","Solace","+13721","1.41m - 97.5%","Wisekhanpal →  Wisekhanpal",""
"00:30.970","Heal","Solace","+13953","1.42m - 98.5%","Wisekhanpal →  Wisekhanpal",""
"00:30.970","Heal","Solace","+13984","1.43m - 99.4%","Wisekhanpal →  Wisekhanpal",""
"00:30.970","Heal","Solace","+6649","1.44m - 99.9%","Wisekhanpal →  Wisekhanpal",""
"00:30.970","Heal","Solace","+1373 (O: 12446)","1.44m - 100.0%","Wisekhanpal →  Wisekhanpal",""
"00:31.048","Heal","Undying Embers","+11045","1.27m - 87.8%","Wisekhanpal →  Wisekhanpal",""
"00:31.081","Heal","Undying Embers","+10756","1.28m - 88.5%","Wisekhanpal →  Wisekhanpal",""
"00:31.100","Absorbed","Blessed Hammer","1676","","Wisekhanpal →  Wisekhanpal",""
"00:31.100","Absorbed","Blessed Hammer","1676","","Wisekhanpal →  Wisekhanpal",""
"00:31.101","Heal","Multiple Heals (18)","+215269","1.39m - 96.2%","Wisekhanpal →  Wisekhanpal",""
"00:31.101","Heal","Undying Embers","+5584","1.18m - 81.6%","Wisekhanpal →  Wisekhanpal",""
"00:31.274","Heal","Solace","+13827","1.19m - 82.6%","Wisekhanpal →  Wisekhanpal",""
"00:31.274","Heal","Solace","+14310","1.20m - 83.6%","Wisekhanpal →  Wisekhanpal",""
"00:31.274","Heal","Solace","+6828","1.21m - 84.1%","Wisekhanpal →  Wisekhanpal",""
"00:31.274","Heal","Solace","+14452","1.23m - 85.1%","Wisekhanpal →  Wisekhanpal",""
"00:31.274","Heal","Solace","+14104","1.24m - 86.0%","Wisekhanpal →  Wisekhanpal",""
"00:31.274","Heal","Solace","+14381","1.25m - 87.0%","Wisekhanpal →  Wisekhanpal",""
"00:31.274","Heal","Solace","+14378","1.27m - 88.0%","Wisekhanpal →  Wisekhanpal",""
"00:31.274","Heal","Solace","+14044","1.28m - 89.0%","Wisekhanpal →  Wisekhanpal",""
"00:31.274","Heal","Solace","+14340","1.30m - 90.0%","Wisekhanpal →  Wisekhanpal",""
"00:31.274","Heal","Solace","+14468","1.31m - 91.0%","Wisekhanpal →  Wisekhanpal",""
"00:31.274","Heal","Solace","+6506","1.32m - 91.5%","Wisekhanpal →  Wisekhanpal",""
"00:31.274","Heal","Solace","+14246","1.33m - 92.5%","Wisekhanpal →  Wisekhanpal",""
"00:31.274","Heal","Solace","+6832","1.34m - 92.9%","Wisekhanpal →  Wisekhanpal",""
"00:31.274","Heal","Solace","+13909","1.35m - 93.9%","Wisekhanpal →  Wisekhanpal",""
"00:31.274","Heal","Solace","+14374","1.37m - 94.9%","Wisekhanpal →  Wisekhanpal",""
"00:31.274","Heal","Solace","+14239","1.38m - 95.9%","Wisekhanpal →  Wisekhanpal",""
"00:31.290","Heal","Undying Embers","+4447","1.39m - 96.2%","Wisekhanpal →  Wisekhanpal",""
"00:31.320","Absorbed","Blessed Hammer","1676","","Wisekhanpal →  Wisekhanpal",""
"00:31.320","Absorbed","Sacrosanct Crusade","85209","","Wisekhanpal →  Wisekhanpal",""
"00:31.383","Absorbed","Blessed Hammer","1676","","Wisekhanpal →  Wisekhanpal",""
"00:31.383","Absorbed","Sacrosanct Crusade","30555","","Wisekhanpal →  Wisekhanpal",""
"00:31.470","Absorbed","Bulwark of Order","11258","","Wisekhanpal →  Wisekhanpal",""
"00:31.470","Absorbed","Sacrosanct Crusade","60808","","Wisekhanpal →  Wisekhanpal",""
"00:31.470","Damage","Blessing of Dawn","0","","Wisekhanpal →  Wisekhanpal",""
"00:31.548","Heal","Undying Embers","+4345","1.39m - 96.5%","Wisekhanpal →  Wisekhanpal",""
"00:31.566","Absorbed","Blessed Hammer","1693","","Wisekhanpal →  Wisekhanpal",""
"00:31.566","Absorbed","Sacrosanct Crusade","75416","","Wisekhanpal →  Wisekhanpal",""
"00:31.587","Heal","Multiple Heals (4)","+54439","1.44m - 100.0%","Wisekhanpal →  Wisekhanpal",""
"00:31.587","Heal","Solace","+14224","1.40m - 97.2%","Wisekhanpal →  Wisekhanpal",""
"00:31.587","Heal","Solace","+15142","1.42m - 98.3%","Wisekhanpal →  Wisekhanpal",""
"00:31.587","Heal","Solace","+14261","1.43m - 99.2%","Wisekhanpal →  Wisekhanpal",""
"00:31.587","Heal","Solace","+10812 (O: 3727)","1.44m - 100.0%","Wisekhanpal →  Wisekhanpal",""
"00:31.972","Absorbed","Blessed Hammer","1711","","Wisekhanpal →  Wisekhanpal",""
"00:31.972","Absorbed","Bulwark of Order","70065","","Wisekhanpal →  Wisekhanpal",""
"00:31.973","Heal","Multiple Heals (2)","+12152","1.44m - 100.0%","Wisekhanpal →  Wisekhanpal",""
"00:31.973","Heal","Undying Embers","+9297","1.44m - 99.8%","Wisekhanpal →  Wisekhanpal",""
"00:32.044","Heal","Undying Embers","+2855 (O: 6633)","1.44m - 100.0%","Wisekhanpal →  Wisekhanpal",""
"00:32.294","Absorbed","Blessed Hammer","1711","","Wisekhanpal →  Wisekhanpal",""
"00:32.294","Absorbed","Bulwark of Order","71494","","Wisekhanpal →  Wisekhanpal",""
"00:32.294","Heal","Undying Embers","+4309","1.43m - 99.4%","Wisekhanpal →  Wisekhanpal",""
"00:32.413","Absorbed","Blessed Hammer","1693","","Wisekhanpal →  Wisekhanpal",""
"00:32.456","Heal","Multiple Heals (9)","+93400","1.44m - 100.0%","Wisekhanpal →  Wisekhanpal",""
"00:32.456","Heal","Solace","+14475","1.36m - 94.5%","Wisekhanpal →  Wisekhanpal",""
"00:32.456","Heal","Solace","+6874","1.37m - 95.0%","Wisekhanpal →  Wisekhanpal",""
"00:32.456","Heal","Solace","+14213","1.38m - 96.0%","Wisekhanpal →  Wisekhanpal",""
"00:32.457","Heal","Solace","+7050","1.39m - 96.5%","Wisekhanpal →  Wisekhanpal",""
"00:32.457","Heal","Solace","+14483","1.41m - 97.5%","Wisekhanpal →  Wisekhanpal",""
"00:32.457","Heal","Solace","+14614","1.42m - 98.5%","Wisekhanpal →  Wisekhanpal",""
"00:32.457","Heal","Solace","+6668","1.43m - 99.0%","Wisekhanpal →  Wisekhanpal",""
"00:32.457","Heal","Solace","+6851","1.43m - 99.4%","Wisekhanpal →  Wisekhanpal",""
"00:32.457","Heal","Solace","+8172 (O: 6546)","1.44m - 100.0%","Wisekhanpal →  Wisekhanpal",""
"00:32.471","Absorbed","Blessed Hammer","1711","","Wisekhanpal →  Wisekhanpal",""
"00:32.761","Heal","Multiple Heals (6)","+69541","1.43m - 100.0%","Wisekhanpal →  Wisekhanpal",""
"00:32.761","Heal","Solace","+6983","1.37m - 95.6%","Wisekhanpal →  Wisekhanpal",""
"00:32.761","Heal","Solace","+14262","1.38m - 96.6%","Wisekhanpal →  Wisekhanpal",""
"00:32.761","Heal","Solace","+14205","1.39m - 97.6%","Wisekhanpal →  Wisekhanpal",""
"00:32.761","Heal","Solace","+6705","1.40m - 98.1%","Wisekhanpal →  Wisekhanpal",""
"00:32.761","Heal","Solace","+14265","1.42m - 99.1%","Wisekhanpal →  Wisekhanpal",""
"00:32.761","Heal","Solace","+13121 (O: 1177)","1.43m - 100.0%","Wisekhanpal →  Wisekhanpal",""
"00:33.011","Absorbed","Blessed Hammer","1711","","Wisekhanpal →  Wisekhanpal",""
"00:33.043","Heal","Multiple Heals (7)","+80523","1.43m - 100.0%","Wisekhanpal →  Wisekhanpal",""
"00:33.043","Heal","Solace","+6896","1.35m - 94.8%","Wisekhanpal →  Wisekhanpal",""
"00:33.043","Heal","Solace","+14738","1.37m - 95.9%","Wisekhanpal →  Wisekhanpal",""
"00:33.043","Heal","Solace","+14839","1.38m - 96.9%","Wisekhanpal →  Wisekhanpal",""
"00:33.043","Heal","Solace","+14378","1.40m - 97.9%","Wisekhanpal →  Wisekhanpal",""
"00:33.043","Heal","Solace","+6791","1.41m - 98.4%","Wisekhanpal →  Wisekhanpal",""
"00:33.043","Heal","Solace","+14865","1.42m - 99.4%","Wisekhanpal →  Wisekhanpal",""
"00:33.043","Heal","Solace","+8016 (O: 6455)","1.43m - 100.0%","Wisekhanpal →  Wisekhanpal",""
"00:33.091","Absorbed","Blessed Hammer","1711","","Wisekhanpal →  Wisekhanpal",""
"00:33.108","Heal","Multiple Heals (11)","+100356","1.43m - 100.0%","Wisekhanpal →  Wisekhanpal",""
"00:33.108","Heal","Undying Embers","+4704","1.38m - 96.7%","Wisekhanpal →  Wisekhanpal",""
"00:33.137","Heal","Undying Embers","+4703","1.39m - 97.0%","Wisekhanpal →  Wisekhanpal",""
"00:33.137","Heal","Undying Embers","+9875","1.40m - 97.7%","Wisekhanpal →  Wisekhanpal",""
"00:33.336","Heal","Solace","+6967","1.41m - 98.4%","Wisekhanpal →  Wisekhanpal",""
"00:33.336","Heal","Solace","+6840","1.41m - 98.9%","Wisekhanpal →  Wisekhanpal",""
"00:33.336","Heal","Solace","+14385","1.43m - 99.9%","Wisekhanpal →  Wisekhanpal",""
"00:33.336","Heal","Solace","+915 (O: 13376)","1.43m - 100.0%","Wisekhanpal →  Wisekhanpal",""
"00:33.642","Heal","Solace","+14295","1.39m - 97.4%","Wisekhanpal →  Wisekhanpal",""
"00:33.642","Heal","Solace","+14607","1.41m - 98.4%","Wisekhanpal →  Wisekhanpal",""
"00:33.642","Heal","Solace","+14478","1.42m - 99.4%","Wisekhanpal →  Wisekhanpal",""
"00:33.642","Heal","Solace","+8587 (O: 6023)","1.43m - 100.0%","Wisekhanpal →  Wisekhanpal",""
"00:34.473","Absorbed","Blessed Hammer","1729","","Wisekhanpal →  Wisekhanpal",""
"00:34.474","Absorbed","Blessed Hammer","1729","","Wisekhanpal →  Wisekhanpal",""
"00:34.474","Absorbed","Blessed Hammer","1729","","Wisekhanpal →  Wisekhanpal",""
"00:34.530","Heal","Multiple Heals (22)","+250371","1.42m - 100.0%","Wisekhanpal →  Wisekhanpal",""
"00:34.530","Heal","Solace","+6855","1.17m - 82.7%","Wisekhanpal →  Wisekhanpal",""
"00:34.530","Heal","Solace","+6889","1.18m - 83.2%","Wisekhanpal →  Wisekhanpal",""
"00:34.530","Heal","Solace","+6938","1.18m - 83.7%","Wisekhanpal →  Wisekhanpal",""
"00:34.531","Heal","Solace","+7008","1.19m - 84.2%","Wisekhanpal →  Wisekhanpal",""
"00:34.531","Heal","Solace","+14794","1.21m - 85.3%","Wisekhanpal →  Wisekhanpal",""
"00:34.531","Heal","Solace","+14760","1.22m - 86.3%","Wisekhanpal →  Wisekhanpal",""
"00:34.531","Heal","Solace","+14392","1.24m - 87.3%","Wisekhanpal →  Wisekhanpal",""
"00:34.531","Heal","Solace","+14666","1.25m - 88.4%","Wisekhanpal →  Wisekhanpal",""
"00:34.531","Heal","Solace","+14685","1.27m - 89.4%","Wisekhanpal →  Wisekhanpal",""
"00:34.531","Heal","Solace","+14370","1.28m - 90.4%","Wisekhanpal →  Wisekhanpal",""
"00:34.531","Heal","Solace","+14524","1.29m - 91.4%","Wisekhanpal →  Wisekhanpal",""
"00:34.531","Heal","Solace","+14437","1.31m - 92.5%","Wisekhanpal →  Wisekhanpal",""
"00:34.531","Heal","Solace","+14333","1.32m - 93.5%","Wisekhanpal →  Wisekhanpal",""
"00:34.531","Heal","Solace","+14419","1.34m - 94.5%","Wisekhanpal →  Wisekhanpal",""
"00:34.531","Heal","Solace","+14606","1.35m - 95.5%","Wisekhanpal →  Wisekhanpal",""
"00:34.531","Heal","Solace","+7137","1.36m - 96.0%","Wisekhanpal →  Wisekhanpal",""
"00:34.531","Heal","Solace","+14937","1.37m - 97.1%","Wisekhanpal →  Wisekhanpal",""
"00:34.803","Heal","Solace","+7027","1.38m - 97.6%","Wisekhanpal →  Wisekhanpal",""
"00:34.803","Heal","Solace","+14876","1.40m - 98.7%","Wisekhanpal →  Wisekhanpal",""
"00:34.803","Heal","Solace","+6769","1.40m - 99.2%","Wisekhanpal →  Wisekhanpal",""
"00:34.803","Heal","Solace","+7027","1.41m - 99.7%","Wisekhanpal →  Wisekhanpal",""
"00:34.803","Heal","Solace","+4922 (O: 10011)","1.42m - 100.0%","Wisekhanpal →  Wisekhanpal",""
"00:34.980","Absorbed","Blessed Hammer","1729","","Wisekhanpal →  Wisekhanpal",""
"00:35.094","Absorbed","Blessed Hammer","1729","","Wisekhanpal →  Wisekhanpal",""
"00:35.097","Absorbed","Blessed Hammer","1729","","Wisekhanpal →  Wisekhanpal",""
"00:35.114","Heal","Multiple Heals (14)","+174118","1.42m - 100.0%","Wisekhanpal →  Wisekhanpal",""
"00:35.114","Heal","Solace","+14764","1.26m - 88.7%","Wisekhanpal →  Wisekhanpal",""
"00:35.114","Heal","Solace","+15007","1.27m - 89.8%","Wisekhanpal →  Wisekhanpal",""
"00:35.114","Heal","Solace","+6923","1.28m - 90.3%","Wisekhanpal →  Wisekhanpal",""
"00:35.114","Heal","Solace","+14925","1.29m - 91.3%","Wisekhanpal →  Wisekhanpal",""
"00:35.114","Heal","Solace","+7268","1.30m - 91.9%","Wisekhanpal →  Wisekhanpal",""
"00:35.114","Heal","Solace","+6803","1.31m - 92.3%","Wisekhanpal →  Wisekhanpal",""
"00:35.114","Heal","Solace","+14831","1.32m - 93.4%","Wisekhanpal →  Wisekhanpal",""
"00:35.114","Heal","Solace","+14925","1.34m - 94.4%","Wisekhanpal →  Wisekhanpal",""
"00:35.114","Heal","Solace","+15113","1.35m - 95.5%","Wisekhanpal →  Wisekhanpal",""
"00:35.114","Heal","Solace","+15015","1.37m - 96.6%","Wisekhanpal →  Wisekhanpal",""
"00:35.114","Heal","Solace","+15094","1.38m - 97.6%","Wisekhanpal →  Wisekhanpal",""
"00:35.114","Heal","Solace","+15064","1.40m - 98.7%","Wisekhanpal →  Wisekhanpal",""
"00:35.114","Heal","Solace","+14558","1.41m - 99.7%","Wisekhanpal →  Wisekhanpal",""
"00:35.114","Heal","Solace","+3828 (O: 3065)","1.42m - 100.0%","Wisekhanpal →  Wisekhanpal",""